transaction id,timestamp,transaction type,merchant_category,amount (INR),transaction_status,sender_age_group,receiver_age_group,sender_state,sender_bank,receiver_bank,device_type,network_type,fraud_flag,hour_of_day,day_of_week,is_weekend,device_surrogate,corridor_surrogate
TXN0000216429,2024-01-01 19:11:57,P2M,Fuel,1844,SUCCESS,36-45,18-25,Telangana,SBI,Yes Bank,Android,3G,0,19,Monday,0,3b83a6de58679348c297eb90d593c6db4857a16ab516a1b5b88decf1741d2143,7299904f9ece53cc17ff8ad053ff4ad45a67b44ab034d8def05d94c3c76b2cf5
TXN0000231199,2024-01-03 18:23:09,P2P,Other,69,SUCCESS,18-25,36-45,Tamil Nadu,SBI,Yes Bank,Android,4G,0,18,Wednesday,0,6ae94056e4a19ca24da6674fa73f70fb8296679fc9fed6dacc8a1a173027530a,7299904f9ece53cc17ff8ad053ff4ad45a67b44ab034d8def05d94c3c76b2cf5
TXN0000248328,2024-01-05 12:55:53,Bill Payment,Other,901,SUCCESS,18-25,26-35,Tamil Nadu,SBI,Kotak,Android,4G,0,12,Friday,0,6ae94056e4a19ca24da6674fa73f70fb8296679fc9fed6dacc8a1a173027530a,0e333fef5f8956aca2d5769ade94e3dcd6bc09e8bf3d2543e32cdf11f4ed4490
TXN0000206764,2024-01-06 12:25:03,P2P,Grocery,1206,SUCCESS,18-25,36-45,West Bengal,Yes Bank,HDFC,Android,3G,0,12,Saturday,1,9d1b762194e9dbedd1d9a168dd9a122968ad88b1a7c14ec16b7ef7b9087198ad,35a486ae9bb0d490f11ac34900529095412ad159f065a02df56b3547c0cca648
TXN0000203794,2024-01-09 07:00:14,P2M,Utilities,571,FAILED,36-45,26-35,West Bengal,HDFC,SBI,Web,5G,0,7,Tuesday,0,0bd53b5b4e7e390173cb4cabdaf804400ed0fa2fff74269208b0c84401367487,c8e2b3b4f0a84698f0728def6a1a1707dbd7231997fa6c5e3cbab4d44604b741
TXN0000229945,2024-01-09 08:25:01,P2M,Transport,395,SUCCESS,26-35,46-55,Telangana,Yes Bank,HDFC,Android,4G,0,8,Tuesday,0,9877fc3535eeefe4f476025357227f5023a18a2d6ccef5db85e09941621dceca,35a486ae9bb0d490f11ac34900529095412ad159f065a02df56b3547c0cca648
TXN0000200200,2024-01-14 17:21:26,P2M,Grocery,2725,SUCCESS,26-35,26-35,Tamil Nadu,IndusInd,HDFC,Android,4G,0,17,Sunday,1,6ae94056e4a19ca24da6674fa73f70fb8296679fc9fed6dacc8a1a173027530a,1723fde08ab39454bd6abc0b926730533c7a56c12f9b7a7d342c53c347fed9e7
TXN0000204422,2024-01-14 18:31:10,P2P,Healthcare,282,SUCCESS,26-35,46-55,Telangana,HDFC,SBI,Android,3G,0,18,Sunday,1,3b83a6de58679348c297eb90d593c6db4857a16ab516a1b5b88decf1741d2143,c8e2b3b4f0a84698f0728def6a1a1707dbd7231997fa6c5e3cbab4d44604b741
TXN0000211629,2024-01-15 21:42:43,P2M,Fuel,1236,SUCCESS,36-45,46-55,Delhi,Axis,PNB,Android,5G,0,21,Monday,0,e9951df7a6059f435902205ba083a7e22a20c178c41a683584eeea29c33c6488,b0c5d4ab735beab0c76a757266485740118fdfe547f30a359bfa485a0c9abd1a
TXN0000221461,2024-01-16 10:25:06,Bill Payment,Grocery,2604,SUCCESS,36-45,18-25,Karnataka,Axis,HDFC,Android,5G,0,10,Tuesday,0,1bce6ec27c645e5ea1a1a215466d4ca37913d8176eb4aaf97408112c8f8b8172,4a7850efb5151bba5d27221a3628ef1607e7c0567da5e9d4de07edd6b1a4f9e9
TXN0000231498,2024-01-16 17:53:23,P2P,Food,133,SUCCESS,18-25,46-55,Gujarat,Axis,Yes Bank,iOS,WiFi,0,17,Tuesday,0,6c873e07ae5177c16d1daf1d7729ad12a07da17cdd31b505c393a4ab4291b208,06da9a98847f82f0a2b9d1d52be3d0adb21d4d499568c96f8192742e6a876da4
TXN0000222436,2024-01-17 13:57:33,P2P,Entertainment,186,SUCCESS,26-35,56+,Karnataka,IndusInd,Yes Bank,Web,4G,0,13,Wednesday,0,9479e55ebdb049141597d87b039f8ba6fe47a0e4771361298f415101c7319e54,bdc9660cbc941c2fe2b3a10e8da0fc1ffdcaf6a72434020804d59c18bfcfeaa7
TXN0000208588,2024-01-17 16:46:23,Bill Payment,Utilities,1845,SUCCESS,18-25,36-45,Gujarat,Axis,Kotak,Android,4G,0,16,Wednesday,0,420d3cfbdc47e7697e1cc6db557c77a87ccefc4e6346250f7d5cbfdfb7c27672,8b30b5dc88f1501635c2d3fb5d76fbbf862246b3dd20053d2c1ab8ee08462943
TXN0000235859,2024-01-19 16:38:34,P2M,Other,1280,SUCCESS,26-35,36-45,Karnataka,SBI,Kotak,Android,4G,0,16,Friday,0,15435b25d8a188482ac276ffe486f3261be5864f156900d1262216972f5cae6c,0e333fef5f8956aca2d5769ade94e3dcd6bc09e8bf3d2543e32cdf11f4ed4490
TXN0000201514,2024-01-19 20:17:14,P2P,Food,170,SUCCESS,18-25,26-35,Karnataka,SBI,SBI,iOS,5G,0,20,Friday,0,b1218b136c62222180a9d7279039ef5bdcf10c7f4bbd832e4fdcd6a44acbaf5c,3cefd55b90072b3fd719f7ef36caee70e95b943b079eb110183e1d4053464e66
TXN0000227453,2024-01-21 10:28:20,P2M,Food,227,SUCCESS,46-55,26-35,Maharashtra,Yes Bank,PNB,Android,4G,0,10,Sunday,1,ef523e3637ffaa30f79047f3f5bfe37e0b12238aeb99c9029798e2512e26547a,b1612f49556dfffacb0236594d63a34b1c78580915fd267e7ad7a3f13b026f98
TXN0000208687,2024-01-21 20:46:27,P2P,Fuel,2536,SUCCESS,46-55,46-55,Maharashtra,SBI,Kotak,Android,4G,0,20,Sunday,1,ef523e3637ffaa30f79047f3f5bfe37e0b12238aeb99c9029798e2512e26547a,0e333fef5f8956aca2d5769ade94e3dcd6bc09e8bf3d2543e32cdf11f4ed4490
TXN0000231474,2024-02-03 18:25:43,Bill Payment,Fuel,1845,SUCCESS,36-45,26-35,Karnataka,ICICI,HDFC,Android,4G,0,18,Saturday,1,15435b25d8a188482ac276ffe486f3261be5864f156900d1262216972f5cae6c,62026639bcca48fc1fc253dba21050152e64127b9f2bc77b5ae3f0106d78bd17
TXN0000220271,2024-02-04 17:25:53,P2M,Grocery,498,SUCCESS,26-35,36-45,Karnataka,SBI,IndusInd,Android,4G,0,17,Sunday,1,15435b25d8a188482ac276ffe486f3261be5864f156900d1262216972f5cae6c,8536bf532962138de3c030281d2799f9417b8342b481d4e4edf0da1d971cc0db
TXN0000225463,2024-02-06 08:16:09,P2M,Grocery,4610,FAILED,36-45,36-45,Andhra Pradesh,ICICI,SBI,Android,5G,0,8,Tuesday,0,6e73d0f121018a2e518f77def67cb43f106c36cd26540965abf210de55153198,89c8a121be86d5184fd4da044991aa3b592fefe5f4bb8193f552a1e4b063cab2
TXN0000218622,2024-02-07 13:41:48,P2P,Shopping,2005,SUCCESS,36-45,36-45,West Bengal,SBI,SBI,Android,5G,0,13,Wednesday,0,76246746342ba453affbe1f8b29fb2edf075b46deee6b34de2c909ca7f78ca7c,3cefd55b90072b3fd719f7ef36caee70e95b943b079eb110183e1d4053464e66
TXN0000223184,2024-02-08 22:38:49,P2M,Utilities,2175,SUCCESS,26-35,26-35,Telangana,SBI,Axis,Android,3G,0,22,Thursday,0,3b83a6de58679348c297eb90d593c6db4857a16ab516a1b5b88decf1741d2143,29f7b49ebc0f7eaa33ce1638d0202df1286d86c184f2a6a2787893e56c099fe1
TXN0000222018,2024-02-10 19:07:51,P2M,Utilities,762,FAILED,18-25,36-45,Uttar Pradesh,SBI,ICICI,Android,4G,0,19,Saturday,1,6c680f2eb050878b116f106209c55e0772f857a1b4c436728a85961ab689bd6b,0c705e316a07bed32d97bf673687e0851368b6623ce390755ba6ceda37a62e7c
TXN0000205406,2024-02-10 19:29:31,P2P,Shopping,5138,SUCCESS,36-45,26-35,Karnataka,HDFC,Axis,iOS,4G,0,19,Saturday,1,fe305a70a592b096a53252e4647023c188796b54b9693d17e01bf01aeb206bb5,3ffb1d15e60e9ea0447e554f386ffb3cfdfc5a250edbdb5dbfeb73740c095902
TXN0000215976,2024-02-14 15:29:30,P2P,Grocery,867,SUCCESS,18-25,26-35,Uttar Pradesh,PNB,HDFC,iOS,WiFi,0,15,Wednesday,0,9da9d7fa052d88f0c1f89eb3e37a04958cb9e26b41543c36ad3a8b9ad1fbca48,4c935305c2376ab0cade3fcf492c814d3b76a4bb55ad8eef4d335c2981c3d27e
TXN0000207110,2024-02-23 06:28:04,P2M,Food,97,SUCCESS,46-55,46-55,Karnataka,HDFC,Axis,Android,4G,0,6,Friday,0,15435b25d8a188482ac276ffe486f3261be5864f156900d1262216972f5cae6c,3ffb1d15e60e9ea0447e554f386ffb3cfdfc5a250edbdb5dbfeb73740c095902
TXN0000242094,2024-02-23 19:32:25,P2P,Transport,564,SUCCESS,26-35,26-35,Telangana,HDFC,HDFC,Web,WiFi,0,19,Friday,0,5c15d37d9348e356aa7eabdb1af98c4951763e41eba0e1c5f611d308ea7b2220,80f185c277f91c5b25c0b9381d5e003b76f9079e95ba25b177caf0699e1f9180
TXN0000235767,2024-02-24 10:56:47,P2P,Grocery,394,SUCCESS,36-45,36-45,Tamil Nadu,ICICI,SBI,iOS,WiFi,0,10,Saturday,1,e348893509d4604d60359ccf49444a3b5dd93a10ed15fe7d0c0899f18fce5ccb,89c8a121be86d5184fd4da044991aa3b592fefe5f4bb8193f552a1e4b063cab2
TXN0000231713,2024-03-01 12:04:32,Bill Payment,Other,1187,SUCCESS,18-25,26-35,West Bengal,SBI,IndusInd,Android,5G,0,12,Friday,0,76246746342ba453affbe1f8b29fb2edf075b46deee6b34de2c909ca7f78ca7c,8536bf532962138de3c030281d2799f9417b8342b481d4e4edf0da1d971cc0db
TXN0000216186,2024-03-05 20:49:12,P2M,Grocery,247,SUCCESS,26-35,26-35,Gujarat,Yes Bank,SBI,iOS,4G,0,20,Tuesday,0,313a2d000ed05408480284e1716578a68425b7a1b0c79f6ee2d8454d8988ea87,3c08e5e13a7bc7431792ab618aa66e6e98264a5f775f4b5d78fcd1295a7bebf2
TXN0000211614,2024-03-07 14:22:00,Bill Payment,Other,219,SUCCESS,26-35,36-45,West Bengal,ICICI,ICICI,iOS,4G,0,14,Thursday,0,372ae9adf25c26afe2dbc897cb4622bc77bee65843d474d057ca948ee5147a21,d9c57127a1b1ced0ea5a705cb525a00c679e7b2746115e2b93ab20a61e963228
TXN0000239528,2024-03-08 20:06:45,P2M,Fuel,946,SUCCESS,26-35,18-25,Uttar Pradesh,Kotak,SBI,Android,5G,0,20,Friday,0,e179f7aa79d4308ec2ced674f8ac9838ee6aa6dc679af98c3b376911e55ecc70,db6c076716a3229c3434fe718d58f6dc7a727d2c48be763fe546d0a5b6b98681
TXN0000238933,2024-03-17 11:26:58,Recharge,Fuel,1589,SUCCESS,46-55,26-35,Maharashtra,SBI,HDFC,Android,3G,0,11,Sunday,1,1f32f4116dc6fe0d1d0be7536c9f299fa63cc3a3c5fefb89964372e643e8727b,2193a93f07c7109afb49882878b3bf2bb4a8dc5669a971fe8adce1a7aa8f390d
TXN0000246679,2024-03-19 11:50:20,P2P,Utilities,2060,SUCCESS,18-25,26-35,Telangana,Axis,PNB,Android,4G,0,11,Tuesday,0,9877fc3535eeefe4f476025357227f5023a18a2d6ccef5db85e09941621dceca,b0c5d4ab735beab0c76a757266485740118fdfe547f30a359bfa485a0c9abd1a
TXN0000211846,2024-03-19 14:29:14,P2M,Grocery,1088,SUCCESS,46-55,36-45,Andhra Pradesh,SBI,Kotak,Android,WiFi,0,14,Tuesday,0,29144c6ad72d48060ff35f5763fe146029d5384c6c6e2388b01def681cb7b215,0e333fef5f8956aca2d5769ade94e3dcd6bc09e8bf3d2543e32cdf11f4ed4490
TXN0000249969,2024-03-20 20:40:05,Bill Payment,Other,303,SUCCESS,36-45,18-25,West Bengal,SBI,ICICI,Android,5G,0,20,Wednesday,0,76246746342ba453affbe1f8b29fb2edf075b46deee6b34de2c909ca7f78ca7c,0c705e316a07bed32d97bf673687e0851368b6623ce390755ba6ceda37a62e7c
TXN0000244066,2024-03-21 16:59:55,P2P,Fuel,1304,SUCCESS,56+,56+,Rajasthan,ICICI,ICICI,iOS,4G,0,16,Thursday,0,97ef5ff4c006db1774206eafcda116b7528117986a5168b0cc150f7f7043f666,d9c57127a1b1ced0ea5a705cb525a00c679e7b2746115e2b93ab20a61e963228
TXN0000231320,2024-03-22 10:14:32,Recharge,Entertainment,184,SUCCESS,56+,46-55,Rajasthan,Axis,IndusInd,Android,4G,0,10,Friday,0,d684677f5aaa61ca509f73b73d79de6b58a573f7dac266c525accfa628a93f98,150b0e91c09c86321b085d9ec4c5c4934c01d1f5721b30d080c4dac60f098b8d
TXN0000207512,2024-03-24 08:50:58,P2M,Fuel,514,FAILED,36-45,36-45,Gujarat,SBI,SBI,Android,5G,0,8,Sunday,1,400d7cc837da6bf764e6d56acc0d5ffe71ccc37a40e3079cc0a419e82f5481f7,3cefd55b90072b3fd719f7ef36caee70e95b943b079eb110183e1d4053464e66
TXN0000242363,2024-03-25 08:23:53,P2P,Grocery,1323,SUCCESS,18-25,26-35,Gujarat,HDFC,SBI,Android,5G,0,8,Monday,0,400d7cc837da6bf764e6d56acc0d5ffe71ccc37a40e3079cc0a419e82f5481f7,c8e2b3b4f0a84698f0728def6a1a1707dbd7231997fa6c5e3cbab4d44604b741
TXN0000211066,2024-03-25 14:03:48,P2P,Shopping,358,SUCCESS,46-55,46-55,Rajasthan,ICICI,PNB,Android,4G,0,14,Monday,0,d684677f5aaa61ca509f73b73d79de6b58a573f7dac266c525accfa628a93f98,f3026a7bc0c4ef7530873c13e89e9e6b1c22eb87d3ef80a4b1b7af27d8c6517d
TXN0000249293,2024-03-26 21:48:37,P2P,Other,383,SUCCESS,18-25,18-25,Maharashtra,SBI,PNB,Android,4G,0,21,Tuesday,0,ef523e3637ffaa30f79047f3f5bfe37e0b12238aeb99c9029798e2512e26547a,0f0c7840e5d82a34888d340088a11333e965a4c687d2184cb0d4223116b02fba
TXN0000247835,2024-03-27 09:26:49,Recharge,Utilities,164,SUCCESS,26-35,56+,West Bengal,HDFC,SBI,Android,4G,0,9,Wednesday,0,603d1a5af878c6b49466d4727a5af16ea467bf5e1f770f2b9300f955952863a4,c8e2b3b4f0a84698f0728def6a1a1707dbd7231997fa6c5e3cbab4d44604b741
TXN0000232245,2024-03-29 20:28:25,P2P,Utilities,4980,SUCCESS,36-45,56+,Telangana,PNB,HDFC,Android,4G,0,20,Friday,0,9877fc3535eeefe4f476025357227f5023a18a2d6ccef5db85e09941621dceca,4c935305c2376ab0cade3fcf492c814d3b76a4bb55ad8eef4d335c2981c3d27e
TXN0000225361,2024-04-01 12:24:23,P2P,Grocery,521,FAILED,26-35,18-25,West Bengal,PNB,SBI,Android,4G,0,12,Monday,0,603d1a5af878c6b49466d4727a5af16ea467bf5e1f770f2b9300f955952863a4,541c730868ea81e685159008054d700f388c92659ea36820f50e42a1fc02a577
TXN0000203344,2024-04-01 23:03:28,P2M,Grocery,172,SUCCESS,46-55,18-25,Gujarat,HDFC,Yes Bank,iOS,WiFi,0,23,Monday,0,6c873e07ae5177c16d1daf1d7729ad12a07da17cdd31b505c393a4ab4291b208,5f573d7f953749790b3ffdad71404eb03499f81f9624c8ca2213160bfc4e9997
TXN0000201745,2024-04-03 12:15:15,P2P,Other,1451,SUCCESS,36-45,56+,Delhi,IndusInd,SBI,Android,5G,0,12,Wednesday,0,e9951df7a6059f435902205ba083a7e22a20c178c41a683584eeea29c33c6488,3c82438471331b4c1f1928a08977a6730eae1b7971ebc806d86181773f40ff6c
TXN0000229351,2024-04-03 17:01:54,P2M,Utilities,500,SUCCESS,36-45,36-45,Rajasthan,ICICI,Axis,Android,5G,0,17,Wednesday,0,f3d052ff91698cf2b8675c8ddb46de0844e4d776336b452eea6589d847fa3d65,5afca9c961bf79c2f4ec753b1da89dd4d126ddbe8c326bbfca35d6fa2e0eebe7
TXN0000242981,2024-04-06 18:21:54,Bill Payment,Entertainment,147,SUCCESS,36-45,56+,Rajasthan,HDFC,Yes Bank,Android,5G,0,18,Saturday,1,f3d052ff91698cf2b8675c8ddb46de0844e4d776336b452eea6589d847fa3d65,5f573d7f953749790b3ffdad71404eb03499f81f9624c8ca2213160bfc4e9997
TXN0000207661,2024-04-09 07:11:06,P2P,Grocery,137,SUCCESS,18-25,26-35,Gujarat,SBI,Kotak,Web,5G,0,7,Tuesday,0,ebd88c78fa34120f0485f2de378de02be83ff1568b99db3c835e82b151e8308d,0e333fef5f8956aca2d5769ade94e3dcd6bc09e8bf3d2543e32cdf11f4ed4490
TXN0000224723,2024-04-16 22:55:10,P2P,Education,2942,SUCCESS,26-35,26-35,Uttar Pradesh,Yes Bank,IndusInd,Android,5G,0,22,Tuesday,0,e179f7aa79d4308ec2ced674f8ac9838ee6aa6dc679af98c3b376911e55ecc70,760b850e320e3d4b51053306f5564815ab11570af96b230ac591726477750bb0
TXN0000226232,2024-04-17 17:13:22,Recharge,Other,223,SUCCESS,26-35,26-35,West Bengal,HDFC,IndusInd,Android,5G,0,17,Wednesday,0,76246746342ba453affbe1f8b29fb2edf075b46deee6b34de2c909ca7f78ca7c,275172e01c30e893bccfeaf265642ad00acd1b903e58eb2b50e612247d79504f
TXN0000210136,2024-04-21 11:08:41,P2M,Fuel,6198,SUCCESS,46-55,26-35,Karnataka,SBI,PNB,iOS,4G,0,11,Sunday,1,fe305a70a592b096a53252e4647023c188796b54b9693d17e01bf01aeb206bb5,0f0c7840e5d82a34888d340088a11333e965a4c687d2184cb0d4223116b02fba
TXN0000237303,2024-04-21 15:38:57,P2M,Grocery,1100,SUCCESS,18-25,36-45,Telangana,Axis,PNB,Android,4G,0,15,Sunday,1,9877fc3535eeefe4f476025357227f5023a18a2d6ccef5db85e09941621dceca,b0c5d4ab735beab0c76a757266485740118fdfe547f30a359bfa485a0c9abd1a
TXN0000207147,2024-04-21 19:01:41,P2M,Grocery,1092,SUCCESS,26-35,36-45,Uttar Pradesh,Yes Bank,SBI,Android,5G,0,19,Sunday,1,e179f7aa79d4308ec2ced674f8ac9838ee6aa6dc679af98c3b376911e55ecc70,3c08e5e13a7bc7431792ab618aa66e6e98264a5f775f4b5d78fcd1295a7bebf2
TXN0000243115,2024-04-24 16:11:32,P2P,Utilities,2136,SUCCESS,18-25,18-25,Rajasthan,IndusInd,HDFC,iOS,4G,0,16,Wednesday,0,97ef5ff4c006db1774206eafcda116b7528117986a5168b0cc150f7f7043f666,1723fde08ab39454bd6abc0b926730533c7a56c12f9b7a7d342c53c347fed9e7
TXN0000214522,2024-04-24 18:18:48,P2P,Entertainment,418,SUCCESS,26-35,36-45,Andhra Pradesh,IndusInd,HDFC,Android,4G,0,18,Wednesday,0,61817be628e4349454154b6568048888fb2b8d615a032608def265e50f198189,1723fde08ab39454bd6abc0b926730533c7a56c12f9b7a7d342c53c347fed9e7
TXN0000223072,2024-04-25 17:16:14,P2P,Fuel,7056,SUCCESS,36-45,18-25,Uttar Pradesh,Yes Bank,HDFC,iOS,4G,0,17,Thursday,0,12d7886f9519b53317045f6e82129cf3dbae0c7dd634e9a9cc69463a00564916,35a486ae9bb0d490f11ac34900529095412ad159f065a02df56b3547c0cca648
TXN0000208805,2024-04-26 22:41:03,Bill Payment,Utilities,6333,SUCCESS,36-45,26-35,Karnataka,Kotak,ICICI,Android,5G,0,22,Friday,0,1bce6ec27c645e5ea1a1a215466d4ca37913d8176eb4aaf97408112c8f8b8172,a7a87fc0ca5c748ffde129772a691cdd251c0370483c402ddce74519685fbe50
TXN0000212815,2024-04-27 18:18:12,P2P,Shopping,903,SUCCESS,26-35,18-25,Karnataka,ICICI,Yes Bank,Android,4G,0,18,Saturday,1,15435b25d8a188482ac276ffe486f3261be5864f156900d1262216972f5cae6c,47d2885f4d12dc0184c7410a208d9a2207a3b437905ed15e3cace2eea94a23e6
TXN0000214809,2024-04-30 17:30:37,P2M,Grocery,2115,SUCCESS,46-55,26-35,Karnataka,Yes Bank,PNB,Android,3G,0,17,Tuesday,0,92c68c3d8543f997a50e5c0905647efcc74d36bf4bc1416d324d34a161201ee6,b1612f49556dfffacb0236594d63a34b1c78580915fd267e7ad7a3f13b026f98
TXN0000205836,2024-05-01 19:44:20,P2P,Food,397,SUCCESS,56+,56+,Karnataka,HDFC,PNB,Android,WiFi,0,19,Wednesday,0,ced2a8d68d7f3767635909d0be22e172fbf3b1b82d503e36e6115f0c8085c090,e5618ab45bc87b88bce2eee224630d9737c2171fbe4e922a4552df1d871b5571
TXN0000237351,2024-05-02 22:55:08,P2P,Food,491,SUCCESS,18-25,18-25,Delhi,IndusInd,HDFC,Web,5G,0,22,Thursday,0,4b6749cde0dfec1847f85efd791edc502847cd0fe078beb4b1d143d66dc9a9be,1723fde08ab39454bd6abc0b926730533c7a56c12f9b7a7d342c53c347fed9e7
TXN0000249724,2024-05-04 12:06:06,P2P,Food,1194,SUCCESS,26-35,46-55,Tamil Nadu,PNB,Axis,iOS,3G,0,12,Saturday,1,fc85183993604155466eb8459f301331cb675a5c0f92d50c786e636ab1e9c120,1a93058afff2b5aa7cc5f529fe76a69fa4bccb545c916ad0771e200e114c7ce6
TXN0000220825,2024-05-05 10:21:19,P2P,Food,871,SUCCESS,26-35,26-35,Tamil Nadu,SBI,SBI,Android,4G,0,10,Sunday,1,6ae94056e4a19ca24da6674fa73f70fb8296679fc9fed6dacc8a1a173027530a,3cefd55b90072b3fd719f7ef36caee70e95b943b079eb110183e1d4053464e66
TXN0000209027,2024-05-06 20:41:36,P2P,Entertainment,460,SUCCESS,18-25,26-35,Uttar Pradesh,SBI,SBI,Android,WiFi,0,20,Monday,0,b5e5c127c751f14cab383ca00eaebd67a9e195ea8bfd955c72c58b9acf1a6564,3cefd55b90072b3fd719f7ef36caee70e95b943b079eb110183e1d4053464e66
TXN0000222684,2024-05-08 08:26:53,P2P,Shopping,787,SUCCESS,36-45,26-35,Delhi,SBI,Axis,Android,4G,0,8,Wednesday,0,6a214f8ddaba3dc116ed1ec1777d180211ed9a0965b90bc984455896c990674d,29f7b49ebc0f7eaa33ce1638d0202df1286d86c184f2a6a2787893e56c099fe1
TXN0000239508,2024-05-09 15:09:41,P2M,Grocery,2163,SUCCESS,26-35,18-25,Maharashtra,Axis,SBI,Android,4G,0,15,Thursday,0,ef523e3637ffaa30f79047f3f5bfe37e0b12238aeb99c9029798e2512e26547a,3adea29ac91fc07d17fb62dc92911d5dc5e0915030ede05acc1c41d282cc84de
TXN0000231260,2024-05-11 18:34:57,P2M,Shopping,933,SUCCESS,26-35,18-25,Delhi,PNB,HDFC,Android,4G,0,18,Saturday,1,6a214f8ddaba3dc116ed1ec1777d180211ed9a0965b90bc984455896c990674d,4c935305c2376ab0cade3fcf492c814d3b76a4bb55ad8eef4d335c2981c3d27e
TXN0000207934,2024-05-13 17:05:59,P2P,Shopping,6829,SUCCESS,26-35,26-35,Tamil Nadu,SBI,ICICI,Android,5G,0,17,Monday,0,64ace4e15273e8942a48d96940bcda1b68adad657a59469b584b04b6c223f6eb,0c705e316a07bed32d97bf673687e0851368b6623ce390755ba6ceda37a62e7c
TXN0000228893,2024-05-14 09:49:53,P2M,Grocery,2570,SUCCESS,26-35,36-45,Telangana,PNB,SBI,Android,4G,0,9,Tuesday,0,9877fc3535eeefe4f476025357227f5023a18a2d6ccef5db85e09941621dceca,541c730868ea81e685159008054d700f388c92659ea36820f50e42a1fc02a577
TXN0000243382,2024-05-14 20:40:43,P2P,Other,349,SUCCESS,36-45,26-35,Tamil Nadu,HDFC,HDFC,Web,4G,0,20,Tuesday,0,e098871a4b589e1bcb9c7a4e862dd27c7d42ba5581a1dccb9cba4b460d8acaf4,80f185c277f91c5b25c0b9381d5e003b76f9079e95ba25b177caf0699e1f9180
TXN0000237221,2024-05-18 10:51:58,Bill Payment,Food,65,SUCCESS,36-45,18-25,Delhi,PNB,IndusInd,Android,4G,0,10,Saturday,1,6a214f8ddaba3dc116ed1ec1777d180211ed9a0965b90bc984455896c990674d,c82728b0f8bf839b3c87e9e3f9bdf7813e30b1ffa3610ea2c43194db95f77dc0
TXN0000239302,2024-05-18 11:42:36,P2M,Other,3457,SUCCESS,36-45,26-35,Karnataka,SBI,SBI,Android,WiFi,0,11,Saturday,1,ced2a8d68d7f3767635909d0be22e172fbf3b1b82d503e36e6115f0c8085c090,3cefd55b90072b3fd719f7ef36caee70e95b943b079eb110183e1d4053464e66
TXN0000237641,2024-05-21 08:43:32,P2M,Grocery,830,SUCCESS,18-25,26-35,Uttar Pradesh,Axis,Yes Bank,Android,5G,0,8,Tuesday,0,e179f7aa79d4308ec2ced674f8ac9838ee6aa6dc679af98c3b376911e55ecc70,06da9a98847f82f0a2b9d1d52be3d0adb21d4d499568c96f8192742e6a876da4
TXN0000232797,2024-05-23 17:58:28,P2M,Transport,304,SUCCESS,26-35,46-55,Uttar Pradesh,PNB,Yes Bank,Android,WiFi,0,17,Thursday,0,b5e5c127c751f14cab383ca00eaebd67a9e195ea8bfd955c72c58b9acf1a6564,36d40838b9975db47c7c258d6aa1a05fdd1bf183c7966d0241824a5572299aaa
TXN0000242266,2024-05-23 20:09:05,P2M,Entertainment,175,SUCCESS,26-35,46-55,Maharashtra,IndusInd,Kotak,Android,4G,0,20,Thursday,0,ef523e3637ffaa30f79047f3f5bfe37e0b12238aeb99c9029798e2512e26547a,4db213cf0d6680687d71032211ba02d5166abfdf5968a20bc6efad5c27d6d39f
TXN0000209371,2024-05-24 22:30:59,P2M,Grocery,1994,SUCCESS,26-35,46-55,Maharashtra,Yes Bank,PNB,Android,WiFi,0,22,Friday,0,fe68ef8ab0beee424633625a67fde39da216ee40b802a1f9192b3c5cdad2df29,b1612f49556dfffacb0236594d63a34b1c78580915fd267e7ad7a3f13b026f98
TXN0000209103,2024-05-26 07:26:08,P2P,Food,245,SUCCESS,26-35,36-45,Uttar Pradesh,SBI,PNB,Android,WiFi,0,7,Sunday,1,b5e5c127c751f14cab383ca00eaebd67a9e195ea8bfd955c72c58b9acf1a6564,0f0c7840e5d82a34888d340088a11333e965a4c687d2184cb0d4223116b02fba
TXN0000235105,2024-05-27 20:40:47,P2M,Shopping,341,SUCCESS,26-35,18-25,Rajasthan,ICICI,SBI,Android,WiFi,0,20,Monday,0,a255c19356dd58e876fd4c4a739e5ad234148615bfff592680d7dc833039d440,89c8a121be86d5184fd4da044991aa3b592fefe5f4bb8193f552a1e4b063cab2
TXN0000229890,2024-05-27 23:11:16,P2M,Fuel,1530,SUCCESS,26-35,26-35,Andhra Pradesh,Axis,SBI,Android,5G,0,23,Monday,0,6e73d0f121018a2e518f77def67cb43f106c36cd26540965abf210de55153198,3adea29ac91fc07d17fb62dc92911d5dc5e0915030ede05acc1c41d282cc84de
TXN0000220175,2024-05-29 18:23:35,P2P,Food,824,SUCCESS,36-45,18-25,Karnataka,HDFC,HDFC,Android,5G,0,18,Wednesday,0,1bce6ec27c645e5ea1a1a215466d4ca37913d8176eb4aaf97408112c8f8b8172,80f185c277f91c5b25c0b9381d5e003b76f9079e95ba25b177caf0699e1f9180
TXN0000233748,2024-05-29 21:35:55,P2M,Fuel,4390,SUCCESS,36-45,18-25,Uttar Pradesh,ICICI,ICICI,iOS,4G,0,21,Wednesday,0,12d7886f9519b53317045f6e82129cf3dbae0c7dd634e9a9cc69463a00564916,d9c57127a1b1ced0ea5a705cb525a00c679e7b2746115e2b93ab20a61e963228
TXN0000245817,2024-05-30 13:33:21,P2M,Utilities,3347,SUCCESS,46-55,26-35,Maharashtra,SBI,PNB,Android,5G,0,13,Thursday,0,449224207f0d9961c3985416e7e7a4091496790eb8b7e14d32b0b0856f108a85,0f0c7840e5d82a34888d340088a11333e965a4c687d2184cb0d4223116b02fba
TXN0000249372,2024-05-30 19:52:48,P2M,Other,1173,SUCCESS,46-55,36-45,Rajasthan,HDFC,SBI,Android,5G,0,19,Thursday,0,f3d052ff91698cf2b8675c8ddb46de0844e4d776336b452eea6589d847fa3d65,c8e2b3b4f0a84698f0728def6a1a1707dbd7231997fa6c5e3cbab4d44604b741
TXN0000204371,2024-06-01 14:09:40,Bill Payment,Fuel,1281,SUCCESS,36-45,46-55,Karnataka,IndusInd,SBI,Android,4G,0,14,Saturday,1,15435b25d8a188482ac276ffe486f3261be5864f156900d1262216972f5cae6c,3c82438471331b4c1f1928a08977a6730eae1b7971ebc806d86181773f40ff6c
TXN0000241687,2024-06-03 11:07:19,P2M,Fuel,2755,SUCCESS,36-45,26-35,Telangana,HDFC,HDFC,Android,5G,0,11,Monday,0,4582fcb59c8869e41c83cfe40a744cd9c87c94b2ec885b74087ac2951f98d0a9,80f185c277f91c5b25c0b9381d5e003b76f9079e95ba25b177caf0699e1f9180
TXN0000236239,2024-06-03 18:12:19,P2P,Grocery,128,FAILED,18-25,26-35,Maharashtra,PNB,IndusInd,Android,4G,0,18,Monday,0,ef523e3637ffaa30f79047f3f5bfe37e0b12238aeb99c9029798e2512e26547a,c82728b0f8bf839b3c87e9e3f9bdf7813e30b1ffa3610ea2c43194db95f77dc0
TXN0000216720,2024-06-03 20:19:23,P2M,Grocery,2070,SUCCESS,56+,46-55,Telangana,Kotak,SBI,Android,5G,0,20,Monday,0,4582fcb59c8869e41c83cfe40a744cd9c87c94b2ec885b74087ac2951f98d0a9,db6c076716a3229c3434fe718d58f6dc7a727d2c48be763fe546d0a5b6b98681
TXN0000235140,2024-06-04 15:29:12,P2P,Grocery,1657,SUCCESS,26-35,18-25,West Bengal,Kotak,Yes Bank,Android,4G,0,15,Tuesday,0,603d1a5af878c6b49466d4727a5af16ea467bf5e1f770f2b9300f955952863a4,b94b199a9cd25c803e8f09830b76007f3424697f4f3fcc0d65b5688aad2f2eb5
TXN0000247758,2024-06-06 16:49:07,P2M,Shopping,6269,SUCCESS,18-25,26-35,Delhi,PNB,PNB,Android,5G,0,16,Thursday,0,e9951df7a6059f435902205ba083a7e22a20c178c41a683584eeea29c33c6488,c7351a62dbffdef844014e706837f5d2b0f8e580c5d9adb974a550566262d949
TXN0000240275,2024-06-07 12:23:18,P2P,Transport,160,SUCCESS,18-25,26-35,Gujarat,Kotak,SBI,Android,WiFi,0,12,Friday,0,79b44a7521fa975293162b027c4b4ece16531acae51028893d3721676b6471d3,db6c076716a3229c3434fe718d58f6dc7a727d2c48be763fe546d0a5b6b98681
TXN0000238168,2024-06-09 21:37:21,P2P,Utilities,1473,SUCCESS,36-45,26-35,Gujarat,Axis,Yes Bank,Android,4G,0,21,Sunday,1,420d3cfbdc47e7697e1cc6db557c77a87ccefc4e6346250f7d5cbfdfb7c27672,06da9a98847f82f0a2b9d1d52be3d0adb21d4d499568c96f8192742e6a876da4
TXN0000208241,2024-06-10 12:23:10,P2P,Food,105,SUCCESS,26-35,26-35,Gujarat,HDFC,SBI,Android,4G,0,12,Monday,0,420d3cfbdc47e7697e1cc6db557c77a87ccefc4e6346250f7d5cbfdfb7c27672,c8e2b3b4f0a84698f0728def6a1a1707dbd7231997fa6c5e3cbab4d44604b741
TXN0000217588,2024-06-13 08:44:17,P2M,Other,318,SUCCESS,18-25,36-45,West Bengal,PNB,IndusInd,Android,4G,0,8,Thursday,0,603d1a5af878c6b49466d4727a5af16ea467bf5e1f770f2b9300f955952863a4,c82728b0f8bf839b3c87e9e3f9bdf7813e30b1ffa3610ea2c43194db95f77dc0
TXN0000201002,2024-06-16 01:51:03,P2M,Education,1045,SUCCESS,46-55,46-55,Maharashtra,HDFC,SBI,Android,4G,0,1,Sunday,1,ef523e3637ffaa30f79047f3f5bfe37e0b12238aeb99c9029798e2512e26547a,c8e2b3b4f0a84698f0728def6a1a1707dbd7231997fa6c5e3cbab4d44604b741
TXN0000244806,2024-06-16 07:22:53,P2P,Food,1849,SUCCESS,26-35,46-55,Telangana,Yes Bank,HDFC,Android,WiFi,0,7,Sunday,1,f5cad75e329a34af181d4de87ca93a9cb1cbd1e399a0eb1e6d818c4349f8d929,35a486ae9bb0d490f11ac34900529095412ad159f065a02df56b3547c0cca648
TXN0000228323,2024-06-18 20:25:45,P2M,Food,475,SUCCESS,56+,36-45,Tamil Nadu,IndusInd,HDFC,Android,3G,0,20,Tuesday,0,b77b8d65ecdd255517dc9e0217c187ba6028b3e8d8afaa5898414205961514cc,1723fde08ab39454bd6abc0b926730533c7a56c12f9b7a7d342c53c347fed9e7
TXN0000216375,2024-06-22 15:44:04,P2P,Fuel,720,FAILED,56+,56+,Uttar Pradesh,HDFC,IndusInd,Android,4G,0,15,Saturday,1,6c680f2eb050878b116f106209c55e0772f857a1b4c436728a85961ab689bd6b,275172e01c30e893bccfeaf265642ad00acd1b903e58eb2b50e612247d79504f
TXN0000205535,2024-06-26 16:16:55,Bill Payment,Food,242,SUCCESS,18-25,26-35,Gujarat,SBI,PNB,Android,5G,0,16,Wednesday,0,400d7cc837da6bf764e6d56acc0d5ffe71ccc37a40e3079cc0a419e82f5481f7,0f0c7840e5d82a34888d340088a11333e965a4c687d2184cb0d4223116b02fba
TXN0000206551,2024-06-26 19:26:48,P2P,Shopping,141,SUCCESS,36-45,26-35,Uttar Pradesh,SBI,SBI,Android,5G,0,19,Wednesday,0,e179f7aa79d4308ec2ced674f8ac9838ee6aa6dc679af98c3b376911e55ecc70,3cefd55b90072b3fd719f7ef36caee70e95b943b079eb110183e1d4053464e66
TXN0000246293,2024-06-27 16:51:13,P2P,Shopping,302,SUCCESS,18-25,36-45,Maharashtra,Axis,HDFC,iOS,4G,0,16,Thursday,0,1e0b1c32e07097c96ecec5961248807a96b179ab96b994b14ba19ccdabfd3e24,4a7850efb5151bba5d27221a3628ef1607e7c0567da5e9d4de07edd6b1a4f9e9
TXN0000229157,2024-07-02 20:01:46,P2M,Grocery,252,SUCCESS,18-25,46-55,Uttar Pradesh,PNB,SBI,Android,WiFi,0,20,Tuesday,0,b5e5c127c751f14cab383ca00eaebd67a9e195ea8bfd955c72c58b9acf1a6564,541c730868ea81e685159008054d700f388c92659ea36820f50e42a1fc02a577
TXN0000212972,2024-07-03 19:58:22,P2P,Grocery,138,SUCCESS,18-25,18-25,Tamil Nadu,SBI,Yes Bank,Android,4G,0,19,Wednesday,0,6ae94056e4a19ca24da6674fa73f70fb8296679fc9fed6dacc8a1a173027530a,7299904f9ece53cc17ff8ad053ff4ad45a67b44ab034d8def05d94c3c76b2cf5
TXN0000205514,2024-07-05 14:04:44,P2M,Fuel,909,SUCCESS,36-45,26-35,Karnataka,Axis,HDFC,Android,4G,0,14,Friday,0,15435b25d8a188482ac276ffe486f3261be5864f156900d1262216972f5cae6c,4a7850efb5151bba5d27221a3628ef1607e7c0567da5e9d4de07edd6b1a4f9e9
TXN0000233514,2024-07-06 13:27:37,P2P,Fuel,2797,SUCCESS,36-45,18-25,Karnataka,Axis,Kotak,Android,5G,0,13,Saturday,1,1bce6ec27c645e5ea1a1a215466d4ca37913d8176eb4aaf97408112c8f8b8172,8b30b5dc88f1501635c2d3fb5d76fbbf862246b3dd20053d2c1ab8ee08462943
TXN0000249777,2024-07-09 21:01:42,P2P,Transport,142,SUCCESS,18-25,26-35,Uttar Pradesh,Axis,PNB,Android,4G,0,21,Tuesday,0,6c680f2eb050878b116f106209c55e0772f857a1b4c436728a85961ab689bd6b,b0c5d4ab735beab0c76a757266485740118fdfe547f30a359bfa485a0c9abd1a
TXN0000247193,2024-07-15 09:27:56,P2M,Utilities,1020,SUCCESS,18-25,46-55,Maharashtra,HDFC,Yes Bank,Android,WiFi,0,9,Monday,0,fe68ef8ab0beee424633625a67fde39da216ee40b802a1f9192b3c5cdad2df29,5f573d7f953749790b3ffdad71404eb03499f81f9624c8ca2213160bfc4e9997
TXN0000217860,2024-07-15 13:52:57,P2P,Food,2398,SUCCESS,36-45,36-45,Uttar Pradesh,Yes Bank,Yes Bank,Android,5G,0,13,Monday,0,e179f7aa79d4308ec2ced674f8ac9838ee6aa6dc679af98c3b376911e55ecc70,1e1bcba4de9c6a670a4c259768696602033e87da8f8974e6aec6ade7d84d10cc
TXN0000211084,2024-07-17 18:27:25,P2P,Fuel,1007,SUCCESS,26-35,56+,Karnataka,Yes Bank,SBI,Android,5G,0,18,Wednesday,0,1bce6ec27c645e5ea1a1a215466d4ca37913d8176eb4aaf97408112c8f8b8172,3c08e5e13a7bc7431792ab618aa66e6e98264a5f775f4b5d78fcd1295a7bebf2
TXN0000224421,2024-07-18 08:57:33,Bill Payment,Utilities,695,SUCCESS,36-45,56+,Delhi,Kotak,IndusInd,Android,4G,0,8,Thursday,0,6a214f8ddaba3dc116ed1ec1777d180211ed9a0965b90bc984455896c990674d,e2f8159597c9afd4bc62b6f8d7cafa0822d23b79c6aa850f5dba8c9f20f35d3d
TXN0000202448,2024-07-19 10:19:31,P2M,Grocery,1210,SUCCESS,26-35,26-35,Maharashtra,Yes Bank,Yes Bank,Android,5G,0,10,Friday,0,449224207f0d9961c3985416e7e7a4091496790eb8b7e14d32b0b0856f108a85,1e1bcba4de9c6a670a4c259768696602033e87da8f8974e6aec6ade7d84d10cc
TXN0000232591,2024-07-19 17:38:36,P2M,Utilities,2685,SUCCESS,26-35,18-25,Maharashtra,SBI,Axis,Android,3G,0,17,Friday,0,1f32f4116dc6fe0d1d0be7536c9f299fa63cc3a3c5fefb89964372e643e8727b,29f7b49ebc0f7eaa33ce1638d0202df1286d86c184f2a6a2787893e56c099fe1
TXN0000230828,2024-07-20 10:10:24,P2M,Entertainment,283,SUCCESS,36-45,18-25,Maharashtra,Yes Bank,SBI,Android,4G,0,10,Saturday,1,ef523e3637ffaa30f79047f3f5bfe37e0b12238aeb99c9029798e2512e26547a,3c08e5e13a7bc7431792ab618aa66e6e98264a5f775f4b5d78fcd1295a7bebf2
TXN0000211211,2024-07-22 04:18:26,P2P,Grocery,811,SUCCESS,36-45,46-55,Maharashtra,Yes Bank,ICICI,Android,3G,0,4,Monday,0,1f32f4116dc6fe0d1d0be7536c9f299fa63cc3a3c5fefb89964372e643e8727b,bd9e3473ab510ff989936c1bc96c5023895d4ec5d05902ffa26ce77b44537e3a
TXN0000227834,2024-07-24 16:38:26,P2P,Utilities,6379,SUCCESS,26-35,18-25,Tamil Nadu,HDFC,PNB,iOS,4G,0,16,Wednesday,0,63f24af3083eec1cfd855d041acde22c0d9aa930e8b19a229408ce6803e1f6a9,e5618ab45bc87b88bce2eee224630d9737c2171fbe4e922a4552df1d871b5571
TXN0000230740,2024-07-26 19:38:57,P2P,Food,138,SUCCESS,18-25,18-25,Uttar Pradesh,Axis,IndusInd,Web,4G,0,19,Friday,0,76596a85b2ee784bc3e43e33115b1fd734b2b00d5ac9ffffa77daf01cd04d2eb,150b0e91c09c86321b085d9ec4c5c4934c01d1f5721b30d080c4dac60f098b8d
TXN0000208403,2024-07-30 13:22:24,P2M,Food,1092,SUCCESS,36-45,36-45,West Bengal,SBI,SBI,Android,4G,0,13,Tuesday,0,603d1a5af878c6b49466d4727a5af16ea467bf5e1f770f2b9300f955952863a4,3cefd55b90072b3fd719f7ef36caee70e95b943b079eb110183e1d4053464e66
TXN0000230857,2024-07-31 19:19:49,P2P,Grocery,1834,SUCCESS,26-35,18-25,Uttar Pradesh,SBI,PNB,Android,4G,0,19,Wednesday,0,6c680f2eb050878b116f106209c55e0772f857a1b4c436728a85961ab689bd6b,0f0c7840e5d82a34888d340088a11333e965a4c687d2184cb0d4223116b02fba
TXN0000224314,2024-08-04 15:48:12,P2M,Shopping,562,SUCCESS,36-45,36-45,Rajasthan,SBI,SBI,Android,4G,0,15,Sunday,1,d684677f5aaa61ca509f73b73d79de6b58a573f7dac266c525accfa628a93f98,3cefd55b90072b3fd719f7ef36caee70e95b943b079eb110183e1d4053464e66
TXN0000230207,2024-08-07 04:26:10,P2M,Grocery,315,SUCCESS,18-25,18-25,Uttar Pradesh,SBI,SBI,Android,5G,0,4,Wednesday,0,e179f7aa79d4308ec2ced674f8ac9838ee6aa6dc679af98c3b376911e55ecc70,3cefd55b90072b3fd719f7ef36caee70e95b943b079eb110183e1d4053464e66
TXN0000220266,2024-08-08 20:29:32,Recharge,Shopping,792,FAILED,26-35,26-35,Tamil Nadu,SBI,Axis,Android,4G,0,20,Thursday,0,6ae94056e4a19ca24da6674fa73f70fb8296679fc9fed6dacc8a1a173027530a,29f7b49ebc0f7eaa33ce1638d0202df1286d86c184f2a6a2787893e56c099fe1
TXN0000216353,2024-08-15 22:49:56,P2P,Food,1115,SUCCESS,36-45,18-25,Delhi,HDFC,PNB,iOS,4G,0,22,Thursday,0,442dbfe28608058defc2d2eaf724465d685bef2f799ceb70e8e47a2c49f40526,e5618ab45bc87b88bce2eee224630d9737c2171fbe4e922a4552df1d871b5571
TXN0000234701,2024-08-17 21:56:07,P2M,Fuel,912,SUCCESS,18-25,18-25,Karnataka,PNB,IndusInd,Android,4G,0,21,Saturday,1,15435b25d8a188482ac276ffe486f3261be5864f156900d1262216972f5cae6c,c82728b0f8bf839b3c87e9e3f9bdf7813e30b1ffa3610ea2c43194db95f77dc0
TXN0000244836,2024-08-19 07:40:29,P2M,Grocery,382,SUCCESS,26-35,26-35,Karnataka,PNB,IndusInd,Android,4G,0,7,Monday,0,15435b25d8a188482ac276ffe486f3261be5864f156900d1262216972f5cae6c,c82728b0f8bf839b3c87e9e3f9bdf7813e30b1ffa3610ea2c43194db95f77dc0
TXN0000214878,2024-08-20 07:57:26,P2P,Grocery,364,SUCCESS,36-45,26-35,Maharashtra,SBI,SBI,Android,4G,0,7,Tuesday,0,ef523e3637ffaa30f79047f3f5bfe37e0b12238aeb99c9029798e2512e26547a,3cefd55b90072b3fd719f7ef36caee70e95b943b079eb110183e1d4053464e66
TXN0000216265,2024-08-22 21:31:09,Bill Payment,Entertainment,276,SUCCESS,36-45,36-45,Tamil Nadu,IndusInd,SBI,Android,4G,0,21,Thursday,0,6ae94056e4a19ca24da6674fa73f70fb8296679fc9fed6dacc8a1a173027530a,3c82438471331b4c1f1928a08977a6730eae1b7971ebc806d86181773f40ff6c
TXN0000224090,2024-08-22 21:43:05,P2P,Entertainment,256,SUCCESS,36-45,26-35,Telangana,SBI,SBI,iOS,4G,0,21,Thursday,0,3e59a93ff0e64c930c1953a0be50a144fe19f8d4f1b30ca8e0ea47cabab7dae0,3cefd55b90072b3fd719f7ef36caee70e95b943b079eb110183e1d4053464e66
TXN0000216622,2024-08-23 18:41:17,P2M,Fuel,1547,SUCCESS,36-45,18-25,Delhi,IndusInd,Axis,Android,4G,0,18,Friday,0,6a214f8ddaba3dc116ed1ec1777d180211ed9a0965b90bc984455896c990674d,594cb330df6d2388bed8ca41b98caba1e40288b2d669aa7acb20f2de8e57dd72
TXN0000224785,2024-08-27 10:59:47,P2P,Grocery,1171,SUCCESS,18-25,18-25,Delhi,IndusInd,ICICI,Android,4G,0,10,Tuesday,0,6a214f8ddaba3dc116ed1ec1777d180211ed9a0965b90bc984455896c990674d,4888130cb47cf93a2a1e8510be49d74c56f720766c6370e619f6c20a7b8f9431
TXN0000217520,2024-08-27 11:02:13,P2P,Other,360,SUCCESS,18-25,18-25,Karnataka,Kotak,HDFC,Android,4G,0,11,Tuesday,0,15435b25d8a188482ac276ffe486f3261be5864f156900d1262216972f5cae6c,48d55f2375c9c32c5f1680d802ae54469993267d4254cb599793463c3f829c7e
TXN0000248632,2024-08-27 19:50:03,P2M,Utilities,13686,SUCCESS,18-25,36-45,Rajasthan,PNB,ICICI,Android,4G,0,19,Tuesday,0,d684677f5aaa61ca509f73b73d79de6b58a573f7dac266c525accfa628a93f98,bf4379743879326468417ae2e5e3f8a2cd505d7d62b45a566292d29b6eba2e45
TXN0000213687,2024-08-28 12:25:22,Bill Payment,Utilities,2867,FAILED,46-55,26-35,Telangana,Axis,SBI,Android,4G,0,12,Wednesday,0,9877fc3535eeefe4f476025357227f5023a18a2d6ccef5db85e09941621dceca,3adea29ac91fc07d17fb62dc92911d5dc5e0915030ede05acc1c41d282cc84de
TXN0000246953,2024-08-30 03:47:22,P2P,Shopping,884,SUCCESS,56+,26-35,Tamil Nadu,Axis,PNB,iOS,WiFi,0,3,Friday,0,e348893509d4604d60359ccf49444a3b5dd93a10ed15fe7d0c0899f18fce5ccb,b0c5d4ab735beab0c76a757266485740118fdfe547f30a359bfa485a0c9abd1a
TXN0000217821,2024-09-03 13:02:25,Bill Payment,Shopping,345,SUCCESS,26-35,36-45,Andhra Pradesh,PNB,HDFC,iOS,4G,0,13,Tuesday,0,1d32b7d70b7ba0982c3f139ef407e149ab00c716d7501c62a88b1ed99a85e971,4c935305c2376ab0cade3fcf492c814d3b76a4bb55ad8eef4d335c2981c3d27e
TXN0000232912,2024-09-05 20:01:39,P2P,Transport,597,SUCCESS,36-45,46-55,Uttar Pradesh,ICICI,ICICI,iOS,4G,0,20,Thursday,0,12d7886f9519b53317045f6e82129cf3dbae0c7dd634e9a9cc69463a00564916,d9c57127a1b1ced0ea5a705cb525a00c679e7b2746115e2b93ab20a61e963228
TXN0000238791,2024-09-06 11:04:25,P2P,Healthcare,162,SUCCESS,18-25,26-35,Uttar Pradesh,HDFC,SBI,Android,4G,0,11,Friday,0,6c680f2eb050878b116f106209c55e0772f857a1b4c436728a85961ab689bd6b,c8e2b3b4f0a84698f0728def6a1a1707dbd7231997fa6c5e3cbab4d44604b741
TXN0000225992,2024-09-09 15:39:28,P2M,Entertainment,343,SUCCESS,36-45,26-35,Telangana,SBI,Axis,Android,4G,0,15,Monday,0,9877fc3535eeefe4f476025357227f5023a18a2d6ccef5db85e09941621dceca,29f7b49ebc0f7eaa33ce1638d0202df1286d86c184f2a6a2787893e56c099fe1
TXN0000227901,2024-09-10 21:15:58,P2P,Food,109,SUCCESS,26-35,46-55,Rajasthan,Yes Bank,HDFC,Web,4G,0,21,Tuesday,0,1019a665a10bcc806ed31aa034cc11cfe2b65efefc82ba1ae97ec8bb927346cd,35a486ae9bb0d490f11ac34900529095412ad159f065a02df56b3547c0cca648
TXN0000239295,2024-09-11 19:48:14,Bill Payment,Shopping,1840,SUCCESS,36-45,36-45,Rajasthan,IndusInd,HDFC,Android,4G,0,19,Wednesday,0,d684677f5aaa61ca509f73b73d79de6b58a573f7dac266c525accfa628a93f98,1723fde08ab39454bd6abc0b926730533c7a56c12f9b7a7d342c53c347fed9e7
TXN0000203503,2024-09-12 00:32:54,P2M,Utilities,1847,SUCCESS,26-35,26-35,Uttar Pradesh,SBI,PNB,Android,4G,0,0,Thursday,0,6c680f2eb050878b116f106209c55e0772f857a1b4c436728a85961ab689bd6b,0f0c7840e5d82a34888d340088a11333e965a4c687d2184cb0d4223116b02fba
TXN0000246189,2024-09-13 12:32:27,P2M,Grocery,2315,SUCCESS,46-55,26-35,Andhra Pradesh,ICICI,HDFC,iOS,4G,0,12,Friday,0,1d32b7d70b7ba0982c3f139ef407e149ab00c716d7501c62a88b1ed99a85e971,62026639bcca48fc1fc253dba21050152e64127b9f2bc77b5ae3f0106d78bd17
TXN0000210338,2024-09-14 22:05:18,P2M,Healthcare,241,SUCCESS,26-35,26-35,West Bengal,PNB,Yes Bank,Android,4G,0,22,Saturday,1,603d1a5af878c6b49466d4727a5af16ea467bf5e1f770f2b9300f955952863a4,36d40838b9975db47c7c258d6aa1a05fdd1bf183c7966d0241824a5572299aaa
TXN0000235862,2024-09-19 08:03:36,P2P,Grocery,369,SUCCESS,36-45,26-35,Telangana,HDFC,SBI,Android,5G,0,8,Thursday,0,4582fcb59c8869e41c83cfe40a744cd9c87c94b2ec885b74087ac2951f98d0a9,c8e2b3b4f0a84698f0728def6a1a1707dbd7231997fa6c5e3cbab4d44604b741
TXN0000234982,2024-09-19 09:37:47,P2P,Shopping,411,FAILED,26-35,46-55,Telangana,IndusInd,SBI,iOS,4G,0,9,Thursday,0,3e59a93ff0e64c930c1953a0be50a144fe19f8d4f1b30ca8e0ea47cabab7dae0,3c82438471331b4c1f1928a08977a6730eae1b7971ebc806d86181773f40ff6c
TXN0000231898,2024-09-19 15:14:12,P2P,Transport,37,SUCCESS,18-25,56+,Rajasthan,SBI,PNB,iOS,5G,0,15,Thursday,0,0a5b2c310ac00f29b8dd037a396e239ecfe79527ebb95b3d4099b9fb648e89c8,0f0c7840e5d82a34888d340088a11333e965a4c687d2184cb0d4223116b02fba
TXN0000215274,2024-09-23 21:47:16,P2P,Healthcare,234,SUCCESS,26-35,26-35,Karnataka,ICICI,Kotak,Android,3G,0,21,Monday,0,92c68c3d8543f997a50e5c0905647efcc74d36bf4bc1416d324d34a161201ee6,a0161c84ed5bc0c39dee8d9b8e75f24cfc222d88ecedb97e5f6e8f2d5d4ded83
TXN0000205314,2024-09-24 22:45:31,P2M,Education,4999,SUCCESS,36-45,18-25,Delhi,SBI,HDFC,Android,5G,0,22,Tuesday,0,e9951df7a6059f435902205ba083a7e22a20c178c41a683584eeea29c33c6488,2193a93f07c7109afb49882878b3bf2bb4a8dc5669a971fe8adce1a7aa8f390d
TXN0000216872,2024-09-25 13:53:21,P2M,Shopping,5798,SUCCESS,18-25,26-35,Rajasthan,Yes Bank,HDFC,Android,4G,0,13,Wednesday,0,d684677f5aaa61ca509f73b73d79de6b58a573f7dac266c525accfa628a93f98,35a486ae9bb0d490f11ac34900529095412ad159f065a02df56b3547c0cca648
TXN0000229568,2024-09-25 18:51:10,P2M,Food,235,SUCCESS,46-55,26-35,West Bengal,IndusInd,ICICI,Android,WiFi,0,18,Wednesday,0,9037679b4b275e0282a9aa465bfcdea1a5f3e9d6e681582352dbdc2959b01630,4888130cb47cf93a2a1e8510be49d74c56f720766c6370e619f6c20a7b8f9431
TXN0000223450,2024-09-27 15:35:11,Recharge,Grocery,4072,SUCCESS,56+,46-55,West Bengal,Yes Bank,IndusInd,iOS,4G,0,15,Friday,0,372ae9adf25c26afe2dbc897cb4622bc77bee65843d474d057ca948ee5147a21,760b850e320e3d4b51053306f5564815ab11570af96b230ac591726477750bb0
TXN0000208393,2024-09-27 15:45:50,P2M,Food,36,SUCCESS,56+,36-45,Maharashtra,PNB,HDFC,Android,WiFi,0,15,Friday,0,fe68ef8ab0beee424633625a67fde39da216ee40b802a1f9192b3c5cdad2df29,4c935305c2376ab0cade3fcf492c814d3b76a4bb55ad8eef4d335c2981c3d27e
TXN0000219747,2024-09-27 22:15:08,P2P,Food,300,SUCCESS,18-25,26-35,Telangana,ICICI,Kotak,Android,4G,0,22,Friday,0,9877fc3535eeefe4f476025357227f5023a18a2d6ccef5db85e09941621dceca,a0161c84ed5bc0c39dee8d9b8e75f24cfc222d88ecedb97e5f6e8f2d5d4ded83
TXN0000212831,2024-09-29 14:51:47,P2M,Grocery,135,SUCCESS,18-25,26-35,Maharashtra,Kotak,ICICI,Android,4G,0,14,Sunday,1,ef523e3637ffaa30f79047f3f5bfe37e0b12238aeb99c9029798e2512e26547a,a7a87fc0ca5c748ffde129772a691cdd251c0370483c402ddce74519685fbe50
TXN0000232501,2024-09-30 02:34:28,P2P,Grocery,1156,SUCCESS,18-25,36-45,Karnataka,Axis,HDFC,Web,5G,0,2,Monday,0,2eb0e290319ef58e50625a06fe27722b5553f7c4e15d8b56686a016a508368e7,4a7850efb5151bba5d27221a3628ef1607e7c0567da5e9d4de07edd6b1a4f9e9
TXN0000242411,2024-09-30 19:00:48,P2M,Other,98,SUCCESS,18-25,36-45,Tamil Nadu,HDFC,HDFC,Android,4G,0,19,Monday,0,6ae94056e4a19ca24da6674fa73f70fb8296679fc9fed6dacc8a1a173027530a,80f185c277f91c5b25c0b9381d5e003b76f9079e95ba25b177caf0699e1f9180
TXN0000203785,2024-10-02 19:40:52,P2M,Healthcare,175,SUCCESS,26-35,26-35,Gujarat,Yes Bank,ICICI,Android,5G,0,19,Wednesday,0,400d7cc837da6bf764e6d56acc0d5ffe71ccc37a40e3079cc0a419e82f5481f7,bd9e3473ab510ff989936c1bc96c5023895d4ec5d05902ffa26ce77b44537e3a
TXN0000225447,2024-10-06 16:49:42,P2P,Grocery,595,SUCCESS,26-35,26-35,Uttar Pradesh,HDFC,ICICI,iOS,5G,0,16,Sunday,1,13fdacf0a15be86f9203d242385235978ade1088eaf6e945d4a1eaa93285d938,07262f87cb013effedfb31f92bba607750b2a4e7c13978f7abade8f9913453b0
TXN0000248832,2024-10-16 15:53:08,P2M,Grocery,773,SUCCESS,26-35,36-45,Maharashtra,SBI,Kotak,Android,4G,0,15,Wednesday,0,ef523e3637ffaa30f79047f3f5bfe37e0b12238aeb99c9029798e2512e26547a,0e333fef5f8956aca2d5769ade94e3dcd6bc09e8bf3d2543e32cdf11f4ed4490
TXN0000238143,2024-10-17 09:52:25,P2P,Shopping,1843,SUCCESS,26-35,18-25,West Bengal,PNB,Axis,Android,4G,0,9,Thursday,0,603d1a5af878c6b49466d4727a5af16ea467bf5e1f770f2b9300f955952863a4,1a93058afff2b5aa7cc5f529fe76a69fa4bccb545c916ad0771e200e114c7ce6
TXN0000244972,2024-10-17 11:49:48,P2M,Food,735,SUCCESS,26-35,26-35,Rajasthan,Kotak,SBI,iOS,WiFi,0,11,Thursday,0,bea71a0ad48481e1c4b79ea4c0a977f88e651de01f25f21aa3f3865f1fbc7a65,db6c076716a3229c3434fe718d58f6dc7a727d2c48be763fe546d0a5b6b98681
TXN0000235586,2024-10-19 14:07:35,P2P,Fuel,778,SUCCESS,26-35,56+,Andhra Pradesh,HDFC,HDFC,Android,5G,0,14,Saturday,1,6e73d0f121018a2e518f77def67cb43f106c36cd26540965abf210de55153198,80f185c277f91c5b25c0b9381d5e003b76f9079e95ba25b177caf0699e1f9180
TXN0000231660,2024-10-22 14:34:20,P2P,Other,730,SUCCESS,36-45,18-25,Karnataka,SBI,SBI,Android,5G,0,14,Tuesday,0,1bce6ec27c645e5ea1a1a215466d4ca37913d8176eb4aaf97408112c8f8b8172,3cefd55b90072b3fd719f7ef36caee70e95b943b079eb110183e1d4053464e66
TXN0000248899,2024-10-22 18:20:20,P2P,Healthcare,248,SUCCESS,18-25,56+,Telangana,HDFC,Kotak,Android,5G,0,18,Tuesday,0,4582fcb59c8869e41c83cfe40a744cd9c87c94b2ec885b74087ac2951f98d0a9,b94968912a2b274cf85903631cfce6cde07963077c9dd8e71a7ff8957766a026
TXN0000244816,2024-10-23 13:36:36,Bill Payment,Fuel,563,SUCCESS,18-25,26-35,Uttar Pradesh,Kotak,IndusInd,Android,4G,0,13,Wednesday,0,6c680f2eb050878b116f106209c55e0772f857a1b4c436728a85961ab689bd6b,e2f8159597c9afd4bc62b6f8d7cafa0822d23b79c6aa850f5dba8c9f20f35d3d
TXN0000206380,2024-10-23 18:01:28,P2P,Grocery,444,SUCCESS,26-35,56+,Tamil Nadu,Axis,IndusInd,Android,4G,0,18,Wednesday,0,6ae94056e4a19ca24da6674fa73f70fb8296679fc9fed6dacc8a1a173027530a,150b0e91c09c86321b085d9ec4c5c4934c01d1f5721b30d080c4dac60f098b8d
TXN0000235462,2024-10-26 10:33:11,P2M,Food,103,SUCCESS,18-25,26-35,Uttar Pradesh,SBI,SBI,Android,4G,0,10,Saturday,1,6c680f2eb050878b116f106209c55e0772f857a1b4c436728a85961ab689bd6b,3cefd55b90072b3fd719f7ef36caee70e95b943b079eb110183e1d4053464e66
TXN0000221803,2024-10-27 22:56:29,P2M,Other,708,SUCCESS,36-45,36-45,West Bengal,Yes Bank,SBI,Android,5G,0,22,Sunday,1,76246746342ba453affbe1f8b29fb2edf075b46deee6b34de2c909ca7f78ca7c,3c08e5e13a7bc7431792ab618aa66e6e98264a5f775f4b5d78fcd1295a7bebf2
TXN0000246332,2024-10-28 03:46:16,P2P,Food,110,SUCCESS,46-55,18-25,Andhra Pradesh,PNB,Yes Bank,iOS,WiFi,0,3,Monday,0,fd0666a04128982c397341e5b2c929c6454c38705e71e70ab879b3990b4ce5cf,36d40838b9975db47c7c258d6aa1a05fdd1bf183c7966d0241824a5572299aaa
TXN0000216902,2024-10-29 14:31:57,P2M,Food,80,SUCCESS,26-35,36-45,Tamil Nadu,Kotak,SBI,Android,5G,0,14,Tuesday,0,64ace4e15273e8942a48d96940bcda1b68adad657a59469b584b04b6c223f6eb,db6c076716a3229c3434fe718d58f6dc7a727d2c48be763fe546d0a5b6b98681
TXN0000218995,2024-10-30 19:01:28,Bill Payment,Fuel,1659,SUCCESS,26-35,18-25,Delhi,PNB,IndusInd,iOS,4G,0,19,Wednesday,0,442dbfe28608058defc2d2eaf724465d685bef2f799ceb70e8e47a2c49f40526,c82728b0f8bf839b3c87e9e3f9bdf7813e30b1ffa3610ea2c43194db95f77dc0
TXN0000202582,2024-11-01 16:13:00,P2M,Utilities,1360,FAILED,18-25,18-25,Telangana,Axis,PNB,Android,WiFi,0,16,Friday,0,f5cad75e329a34af181d4de87ca93a9cb1cbd1e399a0eb1e6d818c4349f8d929,b0c5d4ab735beab0c76a757266485740118fdfe547f30a359bfa485a0c9abd1a
TXN0000200711,2024-11-02 07:06:08,P2M,Grocery,231,SUCCESS,26-35,18-25,Karnataka,HDFC,Axis,Android,3G,0,7,Saturday,1,92c68c3d8543f997a50e5c0905647efcc74d36bf4bc1416d324d34a161201ee6,3ffb1d15e60e9ea0447e554f386ffb3cfdfc5a250edbdb5dbfeb73740c095902
TXN0000236039,2024-11-04 06:51:17,Recharge,Grocery,558,SUCCESS,18-25,36-45,Maharashtra,Yes Bank,HDFC,Android,5G,0,6,Monday,0,449224207f0d9961c3985416e7e7a4091496790eb8b7e14d32b0b0856f108a85,35a486ae9bb0d490f11ac34900529095412ad159f065a02df56b3547c0cca648
TXN0000206818,2024-11-04 13:27:44,P2M,Fuel,410,SUCCESS,18-25,26-35,Gujarat,Axis,Kotak,Android,5G,0,13,Monday,0,400d7cc837da6bf764e6d56acc0d5ffe71ccc37a40e3079cc0a419e82f5481f7,8b30b5dc88f1501635c2d3fb5d76fbbf862246b3dd20053d2c1ab8ee08462943
TXN0000229991,2024-11-07 12:42:16,P2P,Shopping,201,SUCCESS,26-35,26-35,Uttar Pradesh,Axis,IndusInd,Android,4G,0,12,Thursday,0,6c680f2eb050878b116f106209c55e0772f857a1b4c436728a85961ab689bd6b,150b0e91c09c86321b085d9ec4c5c4934c01d1f5721b30d080c4dac60f098b8d
TXN0000211232,2024-11-11 12:18:25,P2M,Entertainment,138,SUCCESS,56+,36-45,Tamil Nadu,ICICI,SBI,Android,5G,0,12,Monday,0,64ace4e15273e8942a48d96940bcda1b68adad657a59469b584b04b6c223f6eb,89c8a121be86d5184fd4da044991aa3b592fefe5f4bb8193f552a1e4b063cab2
TXN0000240116,2024-11-19 06:33:58,P2P,Shopping,682,FAILED,36-45,18-25,Uttar Pradesh,Kotak,ICICI,Android,5G,0,6,Tuesday,0,e179f7aa79d4308ec2ced674f8ac9838ee6aa6dc679af98c3b376911e55ecc70,a7a87fc0ca5c748ffde129772a691cdd251c0370483c402ddce74519685fbe50
TXN0000220725,2024-11-19 07:38:03,P2M,Other,218,SUCCESS,26-35,18-25,Delhi,SBI,IndusInd,Android,3G,0,7,Tuesday,0,2ae96ad8190d82f8e52cea7bab8a08e49b72482c08cd2ef33d28de038164c50f,8536bf532962138de3c030281d2799f9417b8342b481d4e4edf0da1d971cc0db
TXN0000216856,2024-11-20 19:41:32,P2P,Other,792,SUCCESS,18-25,26-35,Karnataka,IndusInd,SBI,Android,4G,0,19,Wednesday,0,15435b25d8a188482ac276ffe486f3261be5864f156900d1262216972f5cae6c,3c82438471331b4c1f1928a08977a6730eae1b7971ebc806d86181773f40ff6c
TXN0000236377,2024-11-21 08:17:51,P2P,Food,325,SUCCESS,26-35,26-35,Uttar Pradesh,SBI,IndusInd,Android,4G,0,8,Thursday,0,6c680f2eb050878b116f106209c55e0772f857a1b4c436728a85961ab689bd6b,8536bf532962138de3c030281d2799f9417b8342b481d4e4edf0da1d971cc0db
TXN0000243875,2024-11-23 10:27:36,P2M,Entertainment,288,SUCCESS,18-25,26-35,West Bengal,SBI,SBI,Android,4G,0,10,Saturday,1,603d1a5af878c6b49466d4727a5af16ea467bf5e1f770f2b9300f955952863a4,3cefd55b90072b3fd719f7ef36caee70e95b943b079eb110183e1d4053464e66
TXN0000238673,2024-11-25 19:15:46,Bill Payment,Food,98,SUCCESS,36-45,46-55,Gujarat,PNB,ICICI,Android,4G,0,19,Monday,0,420d3cfbdc47e7697e1cc6db557c77a87ccefc4e6346250f7d5cbfdfb7c27672,bf4379743879326468417ae2e5e3f8a2cd505d7d62b45a566292d29b6eba2e45
TXN0000240181,2024-11-26 20:46:31,P2M,Entertainment,776,SUCCESS,36-45,36-45,Karnataka,IndusInd,IndusInd,Web,4G,0,20,Tuesday,0,9479e55ebdb049141597d87b039f8ba6fe47a0e4771361298f415101c7319e54,35a0dfcfe44e88b08fb33d7fcb47f86b4e5abd5736d638626fe6db88fbeda7d1
TXN0000241218,2024-11-30 12:18:57,Bill Payment,Grocery,2338,SUCCESS,26-35,26-35,Gujarat,Axis,IndusInd,iOS,5G,0,12,Saturday,1,500747a63c2eb87823c71b608509f32fc56e7204f8f41a3c4d75452ec4622d29,150b0e91c09c86321b085d9ec4c5c4934c01d1f5721b30d080c4dac60f098b8d
TXN0000205723,2024-12-04 11:46:21,P2M,Food,81,SUCCESS,46-55,36-45,Gujarat,SBI,Yes Bank,Android,4G,0,11,Wednesday,0,420d3cfbdc47e7697e1cc6db557c77a87ccefc4e6346250f7d5cbfdfb7c27672,7299904f9ece53cc17ff8ad053ff4ad45a67b44ab034d8def05d94c3c76b2cf5
TXN0000231692,2024-12-04 17:40:34,P2P,Fuel,847,SUCCESS,26-35,26-35,Delhi,ICICI,Axis,Android,4G,0,17,Wednesday,0,6a214f8ddaba3dc116ed1ec1777d180211ed9a0965b90bc984455896c990674d,5afca9c961bf79c2f4ec753b1da89dd4d126ddbe8c326bbfca35d6fa2e0eebe7
TXN0000239376,2024-12-04 19:53:41,P2P,Grocery,226,SUCCESS,18-25,26-35,Delhi,ICICI,SBI,Web,4G,0,19,Wednesday,0,7ac9e8799bc7f6f46b3c34f9909252dc6c57faf33f739763b6c61b9118b0eaec,89c8a121be86d5184fd4da044991aa3b592fefe5f4bb8193f552a1e4b063cab2
TXN0000206026,2024-12-08 17:51:08,Recharge,Fuel,1379,SUCCESS,26-35,26-35,Delhi,HDFC,PNB,Android,4G,0,17,Sunday,1,6a214f8ddaba3dc116ed1ec1777d180211ed9a0965b90bc984455896c990674d,e5618ab45bc87b88bce2eee224630d9737c2171fbe4e922a4552df1d871b5571
TXN0000230819,2024-12-10 21:47:52,P2P,Entertainment,412,SUCCESS,26-35,26-35,Uttar Pradesh,Kotak,PNB,Android,WiFi,0,21,Tuesday,0,b5e5c127c751f14cab383ca00eaebd67a9e195ea8bfd955c72c58b9acf1a6564,4166bb7af9258b910385de61dac6c5d9bbe945788154a973c2c61d8053cba84c
TXN0000247599,2024-12-12 11:43:29,P2M,Shopping,875,SUCCESS,18-25,56+,Maharashtra,SBI,IndusInd,Android,5G,0,11,Thursday,0,449224207f0d9961c3985416e7e7a4091496790eb8b7e14d32b0b0856f108a85,8536bf532962138de3c030281d2799f9417b8342b481d4e4edf0da1d971cc0db
TXN0000226434,2024-12-13 11:37:14,P2P,Shopping,1890,SUCCESS,36-45,18-25,Gujarat,SBI,SBI,Android,4G,0,11,Friday,0,420d3cfbdc47e7697e1cc6db557c77a87ccefc4e6346250f7d5cbfdfb7c27672,3cefd55b90072b3fd719f7ef36caee70e95b943b079eb110183e1d4053464e66
TXN0000213333,2024-12-16 14:01:58,P2P,Shopping,930,SUCCESS,36-45,56+,Tamil Nadu,ICICI,ICICI,Android,4G,0,14,Monday,0,6ae94056e4a19ca24da6674fa73f70fb8296679fc9fed6dacc8a1a173027530a,d9c57127a1b1ced0ea5a705cb525a00c679e7b2746115e2b93ab20a61e963228
TXN0000205849,2024-12-18 09:45:37,Bill Payment,Grocery,673,SUCCESS,26-35,18-25,West Bengal,HDFC,SBI,Android,4G,0,9,Wednesday,0,603d1a5af878c6b49466d4727a5af16ea467bf5e1f770f2b9300f955952863a4,c8e2b3b4f0a84698f0728def6a1a1707dbd7231997fa6c5e3cbab4d44604b741
TXN0000206141,2024-12-19 06:35:55,P2P,Entertainment,206,SUCCESS,36-45,18-25,West Bengal,HDFC,PNB,Android,4G,0,6,Thursday,0,603d1a5af878c6b49466d4727a5af16ea467bf5e1f770f2b9300f955952863a4,e5618ab45bc87b88bce2eee224630d9737c2171fbe4e922a4552df1d871b5571
TXN0000211064,2024-12-19 17:16:21,P2P,Utilities,390,SUCCESS,26-35,18-25,West Bengal,SBI,SBI,Android,5G,0,17,Thursday,0,76246746342ba453affbe1f8b29fb2edf075b46deee6b34de2c909ca7f78ca7c,3cefd55b90072b3fd719f7ef36caee70e95b943b079eb110183e1d4053464e66
TXN0000207446,2024-12-19 19:21:29,P2P,Grocery,431,SUCCESS,56+,26-35,Gujarat,HDFC,Yes Bank,Android,5G,0,19,Thursday,0,400d7cc837da6bf764e6d56acc0d5ffe71ccc37a40e3079cc0a419e82f5481f7,5f573d7f953749790b3ffdad71404eb03499f81f9624c8ca2213160bfc4e9997
TXN0000243796,2024-12-21 18:14:30,P2M,Transport,64,SUCCESS,46-55,18-25,Telangana,SBI,HDFC,Android,4G,0,18,Saturday,1,9877fc3535eeefe4f476025357227f5023a18a2d6ccef5db85e09941621dceca,2193a93f07c7109afb49882878b3bf2bb4a8dc5669a971fe8adce1a7aa8f390d
TXN0000210386,2024-12-21 18:38:49,P2P,Food,416,SUCCESS,26-35,18-25,Karnataka,HDFC,IndusInd,Android,5G,0,18,Saturday,1,1bce6ec27c645e5ea1a1a215466d4ca37913d8176eb4aaf97408112c8f8b8172,275172e01c30e893bccfeaf265642ad00acd1b903e58eb2b50e612247d79504f
TXN0000208950,2024-12-22 20:56:06,P2P,Utilities,863,SUCCESS,18-25,56+,Maharashtra,SBI,ICICI,Android,4G,0,20,Sunday,1,ef523e3637ffaa30f79047f3f5bfe37e0b12238aeb99c9029798e2512e26547a,0c705e316a07bed32d97bf673687e0851368b6623ce390755ba6ceda37a62e7c
